{"y_0": [0.6768734738808349, 0.7500614494741609, 0.7127255253517074, 0.7872125296138561, 0.772061352344347, 0.7880767041409346, 0.7750732851054073, 0.8422449111741244, 0.8294885289359296, 0.8652009150024927, 0.8534335058874213, 0.871314311747719, 0.8819012962865687, 0.8748698741309935, 0.8886338955960218, 0.9519018281879308, 0.9101563261407715, 0.948295718656556, 0.9612236473434499, 0.9474481453987061, 0.9873763453222579, 1.0263545561976917, 1.0422294992495564, 1.003556305723688], "y_1": [7.643524345265518, 13.086768100090852, 15.608579873475572, 18.054614119387878, 19.74659599075806, 18.32606534420305, 16.859500977852882, 14.840294036282884, 13.052806335122812, 10.885390411770572, 10.088406018792067, 8.657523046781657, 7.4394916773034065, 6.305485830255711, 5.7084957130189355, 4.901520101514994, 4.423252900549801, 3.8421466764470793, 3.6175490628631737, 3.6524795078898884, 3.6290196066645266, 3.6108302792509583, 3.635119129180409, 3.633001131602112], "x": [25, 50, 75, 100, 125, 150, 175, 200, 225, 250, 275, 300, 325, 350, 375, 400, 425, 450, 475, 500, 525, 550, 575, 600]}