{"y_0": [0.7262796763806805, 0.7182305891745523, 0.7411632282587415, 0.7642683670277824, 0.7604492505617183, 0.7803430524061625, 0.7924704540816642, 0.8075586886731295, 0.8362124661675164, 0.8598302244208613, 0.8936549159782978, 0.9179246049698611, 0.9063289010330948, 0.9368562635626574, 0.9307973793315951, 0.9431269262239727, 0.9504612905285209, 0.9742705287560235, 0.9799444412089895, 1.0048116583221156, 1.018799501459052, 1.024839040889932, 1.037927338198374, 1.0358074134380775], "x": [25, 50, 75, 100, 125, 150, 175, 200, 225, 250, 275, 300, 325, 350, 375, 400, 425, 450, 475, 500, 525, 550, 575, 600], "y_1": [4.691466423901724, 6.8407400301226335, 9.699153452374507, 14.195515816268552, 20.72970249621536, 27.4057816801175, 33.17305067705143, 41.120800683756926, 45.93950615997327, 29.194225654323418, 9.508931616804045, 6.974431864058096, 6.744075531608589, 6.026812566074809, 5.305351248811325, 4.504705339165741, 4.131232460040089, 3.7781513851206245, 3.64409391816059, 3.634503920757275, 3.619664563955555, 3.644639408318286, 3.6280461186276134, 3.648893024679616]}